iteration,mu,alpha,beta
0,0.8087624916,0.43755904,1.788595492
1,0.8087614507,0.4375590224,1.788597153
2,0.8087621984,0.4375592118,1.788597122
