{
  "mu": {
    "mean": 0.7058338225081634,
    "std": 0.10241298549820735,
    "bias": 0.005833822508163444,
    "variance": 0.010488419598656028,
    "rmse": 0.10223063772922794
  },
  "alpha": {
    "mean": 0.5329826112299318,
    "std": 0.20850411329892665,
    "bias": 0.032982611229931846,
    "variance": 0.04347396526257164,
    "rmse": 0.210395049005025
  },
  "beta": {
    "mean": 1.6781845992761906,
    "std": 1.198864943241291,
    "bias": 0.27818459927619066,
    "variance": 1.4372771521329437,
    "rmse": 1.2267381251981442
  },
  "branching_ratio": {
    "mean": 0.35047215257074826,
    "std": 0.09244185825122514
  },
  "converged_fraction": {
    "value": 0.98
  }
}