label,mu,alpha,beta,rho,stable,horizon,paths,total_event_count,poisson_total_event_count,empirical_mean_intensity,theoretical_mean_intensity,relative_bias,conditional_intensity_variance,poisson_conditional_intensity_variance,mean_event_count,std_event_count,poisson_mean_event_count
subcritical,0.25,0.15,1.4,0.10714285714285715,True,600.0,128,21659.0,19215.0,0.28201822916666663,0.28,0.007207961309523597,0.0036482416932248824,0.0,169.2109375,13.232094236026803,150.1171875
moderate,0.25,0.35,1.2,0.2916666666666667,True,600.0,128,26990.0,18995.0,0.3514322916666667,0.35294117647058826,-0.004275173611111155,0.04568848683208901,0.0,210.859375,20.25645513433619,148.3984375
near_critical,0.3,0.6,1.05,0.5714285714285714,True,600.0,128,52770.0,23165.0,0.687109375,0.7,-0.018415178571428478,0.5860011674292204,0.0,412.265625,41.95132677710414,180.9765625