{
  "meta": {
    "paths": 128,
    "horizon": 600.0,
    "max_lag": 12,
    "step": 1.0,
    "elapsed_seconds": 0.2409711249929387,
    "hawkes_total_events": 101419.0,
    "poisson_total_events": 61375.0,
    "mean_latency_per_event_ms": 0.0023759958685545973,
    "memory_overhead_kb": 5767168,
    "configs": [
      {
        "label": "subcritical",
        "mu": 0.25,
        "alpha": 0.15,
        "beta": 1.4
      },
      {
        "label": "moderate",
        "mu": 0.25,
        "alpha": 0.35,
        "beta": 1.2
      },
      {
        "label": "near_critical",
        "mu": 0.3,
        "alpha": 0.6,
        "beta": 1.05
      }
    ]
  },
  "configs": [
    {
      "label": "subcritical",
      "mu": 0.25,
      "alpha": 0.15,
      "beta": 1.4,
      "rho": 0.10714285714285715,
      "stable": true,
      "paths": 128,
      "horizon": 600.0,
      "empirical_mean_intensity": 0.28201822916666663,
      "theoretical_mean_intensity": 0.28,
      "relative_bias": 0.007207961309523597,
      "total_event_count": 21659.0,
      "poisson_total_event_count": 19215.0,
      "mean_event_count": 169.2109375,
      "std_event_count": 13.232094236026803,
      "poisson_mean_event_count": 150.1171875,
      "conditional_intensity_variance": 0.0036482416932248824,
      "poisson_conditional_intensity_variance": 0.0,
      "mean_acf": [
        0.023504149755963728,
        0.0025435070444243947,
        -0.004508982445969805,
        0.00497650114464363,
        0.0036356922308456675,
        0.005985647741734001,
        -0.009377044658600574,
        -0.016826804271433186,
        -0.006100906658467552,
        -0.003958472186365231,
        -0.015444938503940967,
        -0.00422755411066321
      ],
      "poisson_mean_acf": [
        -0.009078067874357956,
        -0.025467439449807183,
        -0.008424166245151077,
        -0.010233444809740692,
        -0.024741351861679427,
        -0.0009946474646534656,
        -0.0023817046857896366,
        -0.0005544208715177017,
        0.00183750137834924,
        -0.007798296894651896,
        -0.003505065173582596,
        0.000746383014820297
      ],
      "histogram_bins": [
        0.0,
        6.8,
        13.6,
        20.4,
        27.2,
        34.0,
        40.8,
        47.6,
        54.4,
        61.199999999999996,
        68.0,
        74.8,
        81.6,
        88.39999999999999,
        95.2,
        102.0,
        108.8,
        115.6,
        122.39999999999999,
        129.2,
        136.0,
        142.79999999999998,
        149.6,
        156.4,
        163.2,
        170.0,
        176.79999999999998,
        183.6,
        190.4,
        197.2,
        204.0
      ]
    },
    {
      "label": "moderate",
      "mu": 0.25,
      "alpha": 0.35,
      "beta": 1.2,
      "rho": 0.2916666666666667,
      "stable": true,
      "paths": 128,
      "horizon": 600.0,
      "empirical_mean_intensity": 0.3514322916666667,
      "theoretical_mean_intensity": 0.35294117647058826,
      "relative_bias": -0.004275173611111155,
      "total_event_count": 26990.0,
      "poisson_total_event_count": 18995.0,
      "mean_event_count": 210.859375,
      "std_event_count": 20.25645513433619,
      "poisson_mean_event_count": 148.3984375,
      "conditional_intensity_variance": 0.04568848683208901,
      "poisson_conditional_intensity_variance": 0.0,
      "mean_acf": [
        0.06278814885673631,
        0.016315380008449343,
        0.004715001458912014,
        -0.0006146740254326261,
        -0.0019939288038440055,
        0.0007778907802704353,
        -0.006318904726073612,
        -0.003591841664219557,
        -0.00762519910050586,
        -0.0013826429052856254,
        0.0038468707735534076,
        -0.002647590754833327
      ],
      "poisson_mean_acf": [
        -0.0066163399215797844,
        -0.011282373506587883,
        -0.004354799435655973,
        -0.009269884076954773,
        -0.008208109059241006,
        -0.012007761769649534,
        0.0006031509147640514,
        -0.00014585555287079864,
        -0.009458209501550296,
        -0.0020782814801901684,
        -0.010764507215062289,
        0.0048512620031979335
      ],
      "histogram_bins": [
        0.0,
        9.0,
        18.0,
        27.0,
        36.0,
        45.0,
        54.0,
        63.0,
        72.0,
        81.0,
        90.0,
        99.0,
        108.0,
        117.0,
        126.0,
        135.0,
        144.0,
        153.0,
        162.0,
        171.0,
        180.0,
        189.0,
        198.0,
        207.0,
        216.0,
        225.0,
        234.0,
        243.0,
        252.0,
        261.0,
        270.0
      ]
    },
    {
      "label": "near_critical",
      "mu": 0.3,
      "alpha": 0.6,
      "beta": 1.05,
      "rho": 0.5714285714285714,
      "stable": true,
      "paths": 128,
      "horizon": 600.0,
      "empirical_mean_intensity": 0.687109375,
      "theoretical_mean_intensity": 0.7,
      "relative_bias": -0.018415178571428478,
      "total_event_count": 52770.0,
      "poisson_total_event_count": 23165.0,
      "mean_event_count": 412.265625,
      "std_event_count": 41.95132677710414,
      "poisson_mean_event_count": 180.9765625,
      "conditional_intensity_variance": 0.5860011674292204,
      "poisson_conditional_intensity_variance": 0.0,
      "mean_acf": [
        0.12870838641920007,
        0.07212673038981258,
        0.06323192946284112,
        0.039728725138357394,
        0.0287404196706823,
        0.02922298403307849,
        0.012323226132290605,
        0.016178970330387357,
        0.008020393757589131,
        0.0018483770488487432,
        0.0015059589344990246,
        -0.002448013722828212
      ],
      "poisson_mean_acf": [
        -0.005817430065388942,
        -0.01225731843862896,
        -0.005356735137626984,
        0.002524891096142111,
        0.005244809307128884,
        0.0038771619277156344,
        0.0004620898518836096,
        -0.01511035415809776,
        -0.009124236139294419,
        -0.0021798671259065823,
        -0.0066534867426654865,
        -0.002305083127106851
      ],
      "histogram_bins": [
        0.0,
        17.533333333333335,
        35.06666666666667,
        52.60000000000001,
        70.13333333333334,
        87.66666666666667,
        105.20000000000002,
        122.73333333333335,
        140.26666666666668,
        157.8,
        175.33333333333334,
        192.86666666666667,
        210.40000000000003,
        227.93333333333337,
        245.4666666666667,
        263.0,
        280.53333333333336,
        298.0666666666667,
        315.6,
        333.1333333333334,
        350.6666666666667,
        368.20000000000005,
        385.73333333333335,
        403.2666666666667,
        420.80000000000007,
        438.33333333333337,
        455.86666666666673,
        473.40000000000003,
        490.9333333333334,
        508.4666666666667,
        526.0
      ]
    }
  ]
}