epoch,train_nll,train_acc,train_mae,val_nll,val_acc,val_mae
1,5.608947894343203,0.7898046138590125,0.6977967127344252,5.124094486236572,0.8249974533971681,0.7974025745358816
2,5.189783029968747,0.822648664552617,0.8830782460606754,4.959394454956055,0.828053376795355,1.08270281702022
3,5.09994366627616,0.828456852681247,1.128161284148986,4.9363694190979,0.8397677498217379,1.1277872369040949
4,5.0811284635879845,0.8394629877842797,1.0980085561462727,4.898329257965088,0.8547417744728533,0.9867900946699603
5,5.050650733922313,0.8536946832739438,0.9891008358805453,4.880570888519287,0.8560660079454009,0.9688651939874707
