variant,iteration,message_count,wall_time_s,throughput_msg_s,digest,fill_count,fill_volume,avg_latency_ns,p95_latency_ns,p99_latency_ns,max_latency_ns,matching_avg_ns,message_avg_ns
single,0,20000,1.5667783749995579,12765.04725820309,79067c526bee82c945448810817a8e7fba9c91f9e86caf6a7111c44ca11ccba4,4,20.0,0.0,0,0,0,28731.2643,76672.01915
single,1,20000,1.5169634589983616,13184.233200452854,79067c526bee82c945448810817a8e7fba9c91f9e86caf6a7111c44ca11ccba4,4,20.0,0.0,0,0,0,28139.8422,74244.3338
single,2,20000,1.6053945410021697,12457.996766025486,79067c526bee82c945448810817a8e7fba9c91f9e86caf6a7111c44ca11ccba4,4,20.0,0.0,0,0,0,29302.1508,78567.96775
concurrent,0,20000,2.744307334000041,7287.813486563273,79067c526bee82c945448810817a8e7fba9c91f9e86caf6a7111c44ca11ccba4,4,20.0,0.0,0,0,0,33858.797,
concurrent,1,20000,2.6244504589994904,7620.642992676085,79067c526bee82c945448810817a8e7fba9c91f9e86caf6a7111c44ca11ccba4,4,20.0,0.0,0,0,0,32725.43635,
concurrent,2,20000,2.525072791999264,7920.563741120786,79067c526bee82c945448810817a8e7fba9c91f9e86caf6a7111c44ca11ccba4,4,20.0,0.0,0,0,0,32017.57465,
