variant,iteration,message_count,wall_time_s,throughput_msg_s,digest,fill_count,fill_volume,avg_latency_ns,p95_latency_ns,p99_latency_ns,max_latency_ns,matching_avg_ns,message_avg_ns
single,0,20000,1.6003849579719827,12496.993239266707,79067c526bee82c945448810817a8e7fba9c91f9e86caf6a7111c44ca11ccba4,4,20.0,0.0,0,0,0,29297.0139,78330.0974
single,1,20000,1.5555944170046132,12856.821663394212,79067c526bee82c945448810817a8e7fba9c91f9e86caf6a7111c44ca11ccba4,4,20.0,0.0,0,0,0,28806.39325,76116.35905
single,2,20000,1.5963978749932721,12528.20510055132,79067c526bee82c945448810817a8e7fba9c91f9e86caf6a7111c44ca11ccba4,4,20.0,0.0,0,0,0,28887.94135,78175.2122
concurrent,0,20000,2.8812158329819795,6941.513985538719,79067c526bee82c945448810817a8e7fba9c91f9e86caf6a7111c44ca11ccba4,4,20.0,0.0,0,0,0,35147.7811,
concurrent,1,20000,2.9265107919927686,6834.07696794491,79067c526bee82c945448810817a8e7fba9c91f9e86caf6a7111c44ca11ccba4,4,20.0,0.0,0,0,0,35440.7442,
concurrent,2,20000,2.75753029200132,7252.866834505267,79067c526bee82c945448810817a8e7fba9c91f9e86caf6a7111c44ca11ccba4,4,20.0,0.0,0,0,0,34223.21185,
