multiplier,message_count,wall_time_s,throughput_msgs_per_s,avg_latency_ns,p95_latency_ns,p99_latency_ns,max_latency_ns,add_order_events,delete_order_events,execute_order_events,order_to_trade_ratio,orphan_cancels,orphan_executes,duplicate_order_ids
1,10000,0.4931781660125125,20276.64785092349,31155.2235,40041,59083,169459,5000,4999,1,5000.0,0,0,0
10,100000,4.856534458027454,20590.81447156381,31543.56532,41250,65541,1018834,49999,49997,4,12499.75,0,0,0
100,1000000,45.68678433299647,21888.167762285862,29456.762627,36167,47416,8917375,499997,499994,9,55555.22222222222,0,0,0
