multiplier,message_count,wall_time_s,throughput_msgs_per_s,avg_latency_ns,p95_latency_ns,p99_latency_ns,max_latency_ns,add_order_events,delete_order_events,execute_order_events,order_to_trade_ratio,orphan_cancels,orphan_executes,duplicate_order_ids
1,10000,0.4730704999965383,21138.498384644943,29822.8949,36792,45709,152500,5000,4999,1,5000.0,0,0,0
10,100000,4.599269958009245,21742.581086343573,29970.08637,37041,43167,372291,49999,49997,4,12499.75,0,0,0
100,1000000,44.37998324999353,22532.680879282347,28662.015867,34625,37292,2622917,499997,499994,9,55555.22222222222,0,0,0
