{
  "train_events": 100000,
  "val_events": 50000,
  "train_horizon_s": 10217.833000183105,
  "val_horizon_s": 5848.651999950409,
  "mu": [
    0.9828238097148441,
    1.038570857125486
  ],
  "alpha": [
    [
      14.666253311973525,
      0.031496630098339064
    ],
    [
      0.031192874662641378,
      15.999552163190533
    ]
  ],
  "beta": 19.99998139345307,
  "spectral_radius": 0.8000151756898598,
  "loglik_train": 363450.4444083397,
  "loglik_val": 88685.50710795398,
  "ks_buy": {
    "statistic": 0.603167898627244,
    "pvalue": 0.0
  },
  "ks_sell": {
    "statistic": 0.6799903412749517,
    "pvalue": 0.0
  },
  "beta_bounds": [
    0.5,
    20.0
  ],
  "train_indices": [
    0,
    100000
  ],
  "val_indices": [
    100000,
    150000
  ]
}