{
  "train_events": 100000,
  "val_events": 50000,
  "train_horizon_s": 10217.833000183105,
  "val_horizon_s": 5848.651999950409,
  "mu": [
    0.9827635376288144,
    1.038961900716666
  ],
  "alpha": [
    [
      14.663804592131706,
      0.031195459192378452
    ],
    [
      0.031083754454383515,
      15.999936416220933
    ]
  ],
  "beta": 19.99999968685742,
  "spectral_radius": 0.8000331001884259,
  "loglik_train": 363450.5148822203,
  "loglik_val": 88686.57578710053,
  "ks_buy": {
    "statistic": 0.603167898627244,
    "pvalue": 0.0
  },
  "ks_sell": {
    "statistic": 0.6799903412749517,
    "pvalue": 0.0
  },
  "beta_bounds": [
    0.5,
    20.0
  ],
  "train_indices": [
    0,
    100000
  ],
  "val_indices": [
    100000,
    150000
  ]
}