epoch,train_nll,train_acc,train_mae,val_nll,val_acc,val_mae
1,5.482884605344987,0.7361033922869877,0.7629543436093584,4.921113014221191,0.8513802587348477,0.9798488113731283
2,5.043571664234092,0.8495864526463761,1.0376017692907036,4.795951843261719,0.8556076194356728,1.0427206551772437
3,4.937930842983055,0.8520492115902231,0.9775486507268408,4.770074367523193,0.8560150758887644,0.9311563725552613
4,4.919368407485887,0.8528664988503493,0.9699065466071681,4.7674736976623535,0.8562697361719466,1.003362908411429
5,4.8991746226911435,0.8533023853890832,0.9735616723263809,4.730018138885498,0.8562188041153102,0.9406039706313029
