epoch,train_nll,train_acc,train_mae,val_nll,val_acc,val_mae
1,0.3311632493907052,0.874399032515604,0.09715059760966657,0.26134073047364786,0.8999854382207637,0.0859197599417995
2,0.267751638709112,0.8948766404119571,0.08668944172738695,0.24892636153630215,0.901700886847872,0.08228867420785364
3,0.2601902682211932,0.8950494054826653,0.08377811982525327,0.24687216366041767,0.9019814674721817,0.0736905169839514
4,0.2569089551781487,0.8959246470303054,0.0827312501810537,0.24209134934665816,0.9033062342173399,0.07927288989330389
5,0.25343118122281166,0.897414079820507,0.08233199141484068,0.2403946493625856,0.9048618584381959,0.08526959231485452
