scenario,orders_tested,entry_avg_us,entry_p99_us,cancel_avg_us,cancel_p99_us,trade_conf_accuracy,position_drift_bp
baseline_oms,1500,216.0413947322357,424.5217859512902,179.73929765140406,327.6829638367253,1.0,0.6092409465977835
stress_oms,2500,341.1105340325515,650.482226464669,263.2558111025978,496.0707356289491,0.9996,1.4045782618419729
