dataset,regime,realized_pnl,return_volatility,sharpe,max_drawdown,avg_latency_ms,fill_rate,adaptation_lag
binance_futures,high_vol,-138.51586404401314,1683.9968875122456,-0.0035495319371336934,30797.378185016263,3.1813148231872406,0.4705,5.0
binance_futures,low_vol,62513.19021091844,2979.6161363067126,0.9626414110244703,3902.9868472968883,3.182741649659452,0.4705,5.0
binance_futures,transition,70457.70492674646,10706.003227535999,0.20937395182090796,224321.84829048908,3.221179098518708,0.4705,5.0
nasdaq_micro,high_vol,-353.24902680441335,124.9105324851333,-0.11285013746823476,3631.6165935354165,1.398470246792622,0.646,5.0
nasdaq_micro,low_vol,-714.929147613885,78.92383022616808,-0.4622631109637007,2094.2683849256555,1.3680099063958722,0.646,5.0
nasdaq_micro,transition,-125.84233241522736,781.0017625023771,-0.005126208575803093,24177.820399833126,1.402054828543647,0.646,5.0
