epoch,train_nll,train_acc,train_mae,val_nll,val_acc,val_mae
1,0.3317244415195681,0.8934427664330405,0.09426668767300886,0.2694093849834258,0.9001132977457655,0.07940702290777643
2,0.27284837580543597,0.8954291842063804,0.08600844837606542,0.25999371259127535,0.9005714610436889,0.08276836506943816
3,0.2690592101924376,0.8955547623414767,0.08498832744693753,0.25852359044266865,0.9006176325388284,0.07885944049054772
4,0.26745416610442985,0.8957229609345448,0.08433540578109766,0.2569564368389295,0.9006105292318839,0.08015786291544356
5,0.2662149930234555,0.8957655813925169,0.08425004668970684,0.25592737149213635,0.900741940410358,0.08326794250244843
